﻿{"data":[{"GPOChanges":{"LocalAdmins":[],"RemoteDesktopUsers":[],"DcomUsers":[],"PSRemoteUsers":[],"AffectedComputers":[]},"Properties":{"domain":"LAKRA.COM","name":"LAKRA.COM","distinguishedname":"DC=LAKRA,DC=COM","domainsid":"S-1-5-21-2547255837-1885182906-318406883","highvalue":true,"description":null,"whencreated":1717758338,"functionallevel":"2016"},"ChildObjects":[{"ObjectIdentifier":"D9368BBB-72B0-4C32-98AE-C045C9CA9DEE","ObjectType":"OU"},{"ObjectIdentifier":"8AE95D12-5537-46FF-9B6C-B2033BADEB5D","ObjectType":"OU"},{"ObjectIdentifier":"138D2055-1A33-47DE-B711-F2F231E92FB6","ObjectType":"Container"},{"ObjectIdentifier":"60A4806A-0E38-4702-8A34-78F928ECF65E","ObjectType":"OU"},{"ObjectIdentifier":"C962D2FA-F89C-438B-8706-9CBE95576061","ObjectType":"Container"},{"ObjectIdentifier":"1EE6FE9C-8C9C-468E-841D-29BC6D5AD228","ObjectType":"OU"},{"ObjectIdentifier":"5BD761B7-94A6-4DCD-90E5-04CF9CEC21B1","ObjectType":"Container"},{"ObjectIdentifier":"31DDF6AA-5D21-40DF-89D1-CD1A83155A09","ObjectType":"Container"},{"ObjectIdentifier":"6BC481A1-1DA6-4AC8-A081-CA2640EF24A0","ObjectType":"OU"},{"ObjectIdentifier":"05FA6309-E956-47F9-9B70-7502054B9AF8","ObjectType":"OU"},{"ObjectIdentifier":"6F21F4E0-6AFD-4F70-962A-6C813659D466","ObjectType":"OU"},{"ObjectIdentifier":"D6ED4F9F-0618-473B-8DE7-35C046AFB2E1","ObjectType":"OU"},{"ObjectIdentifier":"0F6A9D0A-EBF1-4E11-9986-059C303F1F65","ObjectType":"OU"},{"ObjectIdentifier":"A90DF9A3-2F0F-4FFA-A037-6F6E29410444","ObjectType":"OU"},{"ObjectIdentifier":"51873328-B2BB-4FF5-9B49-560B7736BD32","ObjectType":"Container"}],"Trusts":[],"Links":[{"IsEnforced":false,"GUID":"92913055-45EF-4C11-BB8D-F6578FA703A3"}],"Aces":[{"PrincipalSID":"LAKRA.COM-S-1-5-32-544","PrincipalType":"Group","RightName":"Owns","IsInherited":false},{"PrincipalSID":"LAKRA.COM-S-1-5-32-544","PrincipalType":"Group","RightName":"WriteDacl","IsInherited":false},{"PrincipalSID":"LAKRA.COM-S-1-5-32-544","PrincipalType":"Group","RightName":"WriteOwner","IsInherited":false},{"PrincipalSID":"LAKRA.COM-S-1-5-32-544","PrincipalType":"Group","RightName":"AllExtendedRights","IsInherited":false},{"PrincipalSID":"S-1-5-21-2547255837-1885182906-318406883-512","PrincipalType":"Group","RightName":"WriteDacl","IsInherited":false},{"PrincipalSID":"S-1-5-21-2547255837-1885182906-318406883-512","PrincipalType":"Group","RightName":"WriteOwner","IsInherited":false},{"PrincipalSID":"S-1-5-21-2547255837-1885182906-318406883-512","PrincipalType":"Group","RightName":"AllExtendedRights","IsInherited":false},{"PrincipalSID":"S-1-5-21-2547255837-1885182906-318406883-519","PrincipalType":"Group","RightName":"GenericAll","IsInherited":false},{"PrincipalSID":"LAKRA.COM-S-1-5-9","PrincipalType":"Group","RightName":"GetChanges","IsInherited":false},{"PrincipalSID":"LAKRA.COM-S-1-5-9","PrincipalType":"Group","RightName":"GetChangesInFilteredSet","IsInherited":false},{"PrincipalSID":"LAKRA.COM-S-1-5-32-544","PrincipalType":"Group","RightName":"GetChangesAll","IsInherited":false},{"PrincipalSID":"LAKRA.COM-S-1-5-32-544","PrincipalType":"Group","RightName":"GetChanges","IsInherited":false},{"PrincipalSID":"LAKRA.COM-S-1-5-32-544","PrincipalType":"Group","RightName":"GetChangesInFilteredSet","IsInherited":false},{"PrincipalSID":"S-1-5-21-2547255837-1885182906-318406883-498","PrincipalType":"Group","RightName":"GetChanges","IsInherited":false},{"PrincipalSID":"S-1-5-21-2547255837-1885182906-318406883-516","PrincipalType":"Group","RightName":"GetChangesAll","IsInherited":false}],"ObjectIdentifier":"S-1-5-21-2547255837-1885182906-318406883","IsDeleted":false,"IsACLProtected":false}],"meta":{"methods":29675,"type":"domains","count":1,"version":5}}