﻿{"data":[{"Properties":{"domain":"LAKRA.COM","name":"DEFAULT DOMAIN POLICY@LAKRA.COM","distinguishedname":"CN={31B2F340-016D-11D2-945F-00C04FB984F9},CN=POLICIES,CN=SYSTEM,DC=LAKRA,DC=COM","domainsid":"S-1-5-21-2547255837-1885182906-318406883","highvalue":false,"description":null,"whencreated":1717758347,"gpcpath":"\\\\LAKRA.COM\\SYSVOL\\LAKRA.COM\\POLICIES\\{31B2F340-016D-11D2-945F-00C04FB984F9}"},"Aces":[{"PrincipalSID":"S-1-5-21-2547255837-1885182906-318406883-512","PrincipalType":"Group","RightName":"Owns","IsInherited":false},{"PrincipalSID":"S-1-5-21-2547255837-1885182906-318406883-512","PrincipalType":"Group","RightName":"WriteDacl","IsInherited":false},{"PrincipalSID":"S-1-5-21-2547255837-1885182906-318406883-512","PrincipalType":"Group","RightName":"WriteOwner","IsInherited":false},{"PrincipalSID":"S-1-5-21-2547255837-1885182906-318406883-512","PrincipalType":"Group","RightName":"GenericWrite","IsInherited":false},{"PrincipalSID":"S-1-5-21-2547255837-1885182906-318406883-512","PrincipalType":"Group","RightName":"WriteDacl","IsInherited":false},{"PrincipalSID":"S-1-5-21-2547255837-1885182906-318406883-512","PrincipalType":"Group","RightName":"WriteOwner","IsInherited":false},{"PrincipalSID":"S-1-5-21-2547255837-1885182906-318406883-512","PrincipalType":"Group","RightName":"GenericWrite","IsInherited":false},{"PrincipalSID":"S-1-5-21-2547255837-1885182906-318406883-519","PrincipalType":"Group","RightName":"WriteDacl","IsInherited":false},{"PrincipalSID":"S-1-5-21-2547255837-1885182906-318406883-519","PrincipalType":"Group","RightName":"WriteOwner","IsInherited":false},{"PrincipalSID":"S-1-5-21-2547255837-1885182906-318406883-519","PrincipalType":"Group","RightName":"GenericWrite","IsInherited":false}],"ObjectIdentifier":"92913055-45EF-4C11-BB8D-F6578FA703A3","IsDeleted":false,"IsACLProtected":true},{"Properties":{"domain":"LAKRA.COM","name":"DEFAULT DOMAIN CONTROLLERS POLICY@LAKRA.COM","distinguishedname":"CN={6AC1786C-016F-11D2-945F-00C04FB984F9},CN=POLICIES,CN=SYSTEM,DC=LAKRA,DC=COM","domainsid":"S-1-5-21-2547255837-1885182906-318406883","highvalue":false,"description":null,"whencreated":1717758347,"gpcpath":"\\\\LAKRA.COM\\SYSVOL\\LAKRA.COM\\POLICIES\\{6AC1786C-016F-11D2-945F-00C04FB984F9}"},"Aces":[{"PrincipalSID":"S-1-5-21-2547255837-1885182906-318406883-512","PrincipalType":"Group","RightName":"Owns","IsInherited":false},{"PrincipalSID":"S-1-5-21-2547255837-1885182906-318406883-512","PrincipalType":"Group","RightName":"WriteDacl","IsInherited":false},{"PrincipalSID":"S-1-5-21-2547255837-1885182906-318406883-512","PrincipalType":"Group","RightName":"WriteOwner","IsInherited":false},{"PrincipalSID":"S-1-5-21-2547255837-1885182906-318406883-512","PrincipalType":"Group","RightName":"GenericWrite","IsInherited":false},{"PrincipalSID":"S-1-5-21-2547255837-1885182906-318406883-512","PrincipalType":"Group","RightName":"WriteDacl","IsInherited":false},{"PrincipalSID":"S-1-5-21-2547255837-1885182906-318406883-512","PrincipalType":"Group","RightName":"WriteOwner","IsInherited":false},{"PrincipalSID":"S-1-5-21-2547255837-1885182906-318406883-512","PrincipalType":"Group","RightName":"GenericWrite","IsInherited":false},{"PrincipalSID":"S-1-5-21-2547255837-1885182906-318406883-519","PrincipalType":"Group","RightName":"WriteDacl","IsInherited":false},{"PrincipalSID":"S-1-5-21-2547255837-1885182906-318406883-519","PrincipalType":"Group","RightName":"WriteOwner","IsInherited":false},{"PrincipalSID":"S-1-5-21-2547255837-1885182906-318406883-519","PrincipalType":"Group","RightName":"GenericWrite","IsInherited":false}],"ObjectIdentifier":"0621AEBD-5C3F-4834-B773-1606C46E8F8F","IsDeleted":false,"IsACLProtected":true}],"meta":{"methods":29675,"type":"gpos","count":2,"version":5}}