﻿{"data":[{"Properties":{"domain":"LAKRA.COM","name":"PSPS@LAKRA.COM","distinguishedname":"CN=PSPS,CN=SYSTEM,DC=LAKRA,DC=COM","domainsid":"S-1-5-21-2547255837-1885182906-318406883","highvalue":false},"ChildObjects":[],"Aces":[{"PrincipalSID":"S-1-5-21-2547255837-1885182906-318406883-512","PrincipalType":"Group","RightName":"Owns","IsInherited":false},{"PrincipalSID":"S-1-5-21-2547255837-1885182906-318406883-512","PrincipalType":"Group","RightName":"GenericAll","IsInherited":false},{"PrincipalSID":"S-1-5-21-2547255837-1885182906-318406883-519","PrincipalType":"Group","RightName":"GenericAll","IsInherited":true},{"PrincipalSID":"S-1-5-21-2547255837-1885182906-318406883-4130","PrincipalType":"Computer","RightName":"GenericAll","IsInherited":true},{"PrincipalSID":"LAKRA.COM-S-1-5-32-544","PrincipalType":"Group","RightName":"WriteDacl","IsInherited":true},{"PrincipalSID":"LAKRA.COM-S-1-5-32-544","PrincipalType":"Group","RightName":"WriteOwner","IsInherited":true}],"ObjectIdentifier":"6A51A7B8-BACF-4A61-8B50-13159297E8BD","IsDeleted":false,"IsACLProtected":false},{"Properties":{"domain":"LAKRA.COM","name":"COMPARTITIONSETS@LAKRA.COM","distinguishedname":"CN=COMPARTITIONSETS,CN=SYSTEM,DC=LAKRA,DC=COM","domainsid":"S-1-5-21-2547255837-1885182906-318406883","highvalue":false},"ChildObjects":[],"Aces":[{"PrincipalSID":"S-1-5-21-2547255837-1885182906-318406883-512","PrincipalType":"Group","RightName":"Owns","IsInherited":false},{"PrincipalSID":"S-1-5-21-2547255837-1885182906-318406883-512","PrincipalType":"Group","RightName":"WriteDacl","IsInherited":false},{"PrincipalSID":"S-1-5-21-2547255837-1885182906-318406883-512","PrincipalType":"Group","RightName":"WriteOwner","IsInherited":false},{"PrincipalSID":"S-1-5-21-2547255837-1885182906-318406883-519","PrincipalType":"Group","RightName":"GenericAll","IsInherited":true},{"PrincipalSID":"S-1-5-21-2547255837-1885182906-318406883-4130","PrincipalType":"Computer","RightName":"GenericAll","IsInherited":true},{"PrincipalSID":"LAKRA.COM-S-1-5-32-544","PrincipalType":"Group","RightName":"WriteDacl","IsInherited":true},{"PrincipalSID":"LAKRA.COM-S-1-5-32-544","PrincipalType":"Group","RightName":"WriteOwner","IsInherited":true}],"ObjectIdentifier":"7F4B9BB4-ADBB-4F06-A980-DB050417748C","IsDeleted":false,"IsACLProtected":false},{"Properties":{"domain":"LAKRA.COM","name":"COMPARTITIONS@LAKRA.COM","distinguishedname":"CN=COMPARTITIONS,CN=SYSTEM,DC=LAKRA,DC=COM","domainsid":"S-1-5-21-2547255837-1885182906-318406883","highvalue":false},"ChildObjects":[],"Aces":[{"PrincipalSID":"S-1-5-21-2547255837-1885182906-318406883-512","PrincipalType":"Group","RightName":"Owns","IsInherited":false},{"PrincipalSID":"S-1-5-21-2547255837-1885182906-318406883-512","PrincipalType":"Group","RightName":"WriteDacl","IsInherited":false},{"PrincipalSID":"S-1-5-21-2547255837-1885182906-318406883-512","PrincipalType":"Group","RightName":"WriteOwner","IsInherited":false},{"PrincipalSID":"S-1-5-21-2547255837-1885182906-318406883-519","PrincipalType":"Group","RightName":"GenericAll","IsInherited":true},{"PrincipalSID":"S-1-5-21-2547255837-1885182906-318406883-4130","PrincipalType":"Computer","RightName":"GenericAll","IsInherited":true},{"PrincipalSID":"LAKRA.COM-S-1-5-32-544","PrincipalType":"Group","RightName":"WriteDacl","IsInherited":true},{"PrincipalSID":"LAKRA.COM-S-1-5-32-544","PrincipalType":"Group","RightName":"WriteOwner","IsInherited":true}],"ObjectIdentifier":"EE7221D3-5928-4D2F-82DD-47827F81CFBE","IsDeleted":false,"IsACLProtected":false},{"Properties":{"domain":"LAKRA.COM","name":"ADMINSDHOLDER@LAKRA.COM","distinguishedname":"CN=ADMINSDHOLDER,CN=SYSTEM,DC=LAKRA,DC=COM","domainsid":"S-1-5-21-2547255837-1885182906-318406883","highvalue":false},"ChildObjects":[],"Aces":[{"PrincipalSID":"S-1-5-21-2547255837-1885182906-318406883-512","PrincipalType":"Group","RightName":"Owns","IsInherited":false},{"PrincipalSID":"LAKRA.COM-S-1-5-32-544","PrincipalType":"Group","RightName":"WriteDacl","IsInherited":false},{"PrincipalSID":"LAKRA.COM-S-1-5-32-544","PrincipalType":"Group","RightName":"WriteOwner","IsInherited":false},{"PrincipalSID":"S-1-5-21-2547255837-1885182906-318406883-512","PrincipalType":"Group","RightName":"WriteDacl","IsInherited":false},{"PrincipalSID":"S-1-5-21-2547255837-1885182906-318406883-512","PrincipalType":"Group","RightName":"WriteOwner","IsInherited":false},{"PrincipalSID":"S-1-5-21-2547255837-1885182906-318406883-519","PrincipalType":"Group","RightName":"WriteDacl","IsInherited":false},{"PrincipalSID":"S-1-5-21-2547255837-1885182906-318406883-519","PrincipalType":"Group","RightName":"WriteOwner","IsInherited":false}],"ObjectIdentifier":"BAA7FE78-845B-4D9C-8219-7BBED805F9A1","IsDeleted":false,"IsACLProtected":true},{"Properties":{"domain":"LAKRA.COM","name":"RPCSERVICES@LAKRA.COM","distinguishedname":"CN=RPCSERVICES,CN=SYSTEM,DC=LAKRA,DC=COM","domainsid":"S-1-5-21-2547255837-1885182906-318406883","highvalue":false},"ChildObjects":[],"Aces":[{"PrincipalSID":"S-1-5-21-2547255837-1885182906-318406883-512","PrincipalType":"Group","RightName":"Owns","IsInherited":false},{"PrincipalSID":"S-1-5-21-2547255837-1885182906-318406883-512","PrincipalType":"Group","RightName":"WriteDacl","IsInherited":false},{"PrincipalSID":"S-1-5-21-2547255837-1885182906-318406883-512","PrincipalType":"Group","RightName":"WriteOwner","IsInherited":false},{"PrincipalSID":"S-1-5-21-2547255837-1885182906-318406883-519","PrincipalType":"Group","RightName":"GenericAll","IsInherited":true},{"PrincipalSID":"S-1-5-21-2547255837-1885182906-318406883-4130","PrincipalType":"Computer","RightName":"GenericAll","IsInherited":true},{"PrincipalSID":"LAKRA.COM-S-1-5-32-544","PrincipalType":"Group","RightName":"WriteDacl","IsInherited":true},{"PrincipalSID":"LAKRA.COM-S-1-5-32-544","PrincipalType":"Group","RightName":"WriteOwner","IsInherited":true}],"ObjectIdentifier":"E512B862-FB92-42B1-872C-D89D74267686","IsDeleted":false,"IsACLProtected":false},{"Properties":{"domain":"LAKRA.COM","name":"KEYS@LAKRA.COM","distinguishedname":"CN=KEYS,DC=LAKRA,DC=COM","domainsid":"S-1-5-21-2547255837-1885182906-318406883","highvalue":false},"ChildObjects":[],"Aces":[{"PrincipalSID":"S-1-5-21-2547255837-1885182906-318406883-512","PrincipalType":"Group","RightName":"Owns","IsInherited":false},{"PrincipalSID":"LAKRA.COM-S-1-5-9","PrincipalType":"Group","RightName":"GenericAll","IsInherited":false},{"PrincipalSID":"S-1-5-21-2547255837-1885182906-318406883-512","PrincipalType":"Group","RightName":"GenericAll","IsInherited":false},{"PrincipalSID":"S-1-5-21-2547255837-1885182906-318406883-516","PrincipalType":"Group","RightName":"GenericAll","IsInherited":false},{"PrincipalSID":"S-1-5-21-2547255837-1885182906-318406883-519","PrincipalType":"Group","RightName":"GenericAll","IsInherited":false},{"PrincipalSID":"S-1-5-21-2547255837-1885182906-318406883-526","PrincipalType":"Group","RightName":"GenericAll","IsInherited":false},{"PrincipalSID":"S-1-5-21-2547255837-1885182906-318406883-527","PrincipalType":"Group","RightName":"GenericAll","IsInherited":false}],"ObjectIdentifier":"5BD761B7-94A6-4DCD-90E5-04CF9CEC21B1","IsDeleted":false,"IsACLProtected":true},{"Properties":{"domain":"LAKRA.COM","name":"MANAGED SERVICE ACCOUNTS@LAKRA.COM","distinguishedname":"CN=MANAGED SERVICE ACCOUNTS,DC=LAKRA,DC=COM","domainsid":"S-1-5-21-2547255837-1885182906-318406883","highvalue":false},"ChildObjects":[],"Aces":[{"PrincipalSID":"S-1-5-21-2547255837-1885182906-318406883-512","PrincipalType":"Group","RightName":"Owns","IsInherited":false},{"PrincipalSID":"S-1-5-21-2547255837-1885182906-318406883-512","PrincipalType":"Group","RightName":"WriteDacl","IsInherited":false},{"PrincipalSID":"S-1-5-21-2547255837-1885182906-318406883-512","PrincipalType":"Group","RightName":"WriteOwner","IsInherited":false},{"PrincipalSID":"S-1-5-21-2547255837-1885182906-318406883-519","PrincipalType":"Group","RightName":"GenericAll","IsInherited":true},{"PrincipalSID":"S-1-5-21-2547255837-1885182906-318406883-4130","PrincipalType":"Computer","RightName":"GenericAll","IsInherited":true},{"PrincipalSID":"LAKRA.COM-S-1-5-32-544","PrincipalType":"Group","RightName":"WriteDacl","IsInherited":true},{"PrincipalSID":"LAKRA.COM-S-1-5-32-544","PrincipalType":"Group","RightName":"WriteOwner","IsInherited":true}],"ObjectIdentifier":"31DDF6AA-5D21-40DF-89D1-CD1A83155A09","IsDeleted":false,"IsACLProtected":false},{"Properties":{"domain":"LAKRA.COM","name":"MEETINGS@LAKRA.COM","distinguishedname":"CN=MEETINGS,CN=SYSTEM,DC=LAKRA,DC=COM","domainsid":"S-1-5-21-2547255837-1885182906-318406883","highvalue":false},"ChildObjects":[],"Aces":[{"PrincipalSID":"S-1-5-21-2547255837-1885182906-318406883-512","PrincipalType":"Group","RightName":"Owns","IsInherited":false},{"PrincipalSID":"S-1-5-21-2547255837-1885182906-318406883-512","PrincipalType":"Group","RightName":"WriteDacl","IsInherited":false},{"PrincipalSID":"S-1-5-21-2547255837-1885182906-318406883-512","PrincipalType":"Group","RightName":"WriteOwner","IsInherited":false},{"PrincipalSID":"S-1-5-21-2547255837-1885182906-318406883-519","PrincipalType":"Group","RightName":"GenericAll","IsInherited":true},{"PrincipalSID":"S-1-5-21-2547255837-1885182906-318406883-4130","PrincipalType":"Computer","RightName":"GenericAll","IsInherited":true},{"PrincipalSID":"LAKRA.COM-S-1-5-32-544","PrincipalType":"Group","RightName":"WriteDacl","IsInherited":true},{"PrincipalSID":"LAKRA.COM-S-1-5-32-544","PrincipalType":"Group","RightName":"WriteOwner","IsInherited":true}],"ObjectIdentifier":"BE054F5D-2CC2-4E60-B74C-4670EDB93C8D","IsDeleted":false,"IsACLProtected":false},{"Properties":{"domain":"LAKRA.COM","name":"MICROSOFT@LAKRA.COM","distinguishedname":"CN=MICROSOFT,CN=PROGRAM DATA,DC=LAKRA,DC=COM","domainsid":"S-1-5-21-2547255837-1885182906-318406883","highvalue":false},"ChildObjects":[],"Aces":[{"PrincipalSID":"S-1-5-21-2547255837-1885182906-318406883-512","PrincipalType":"Group","RightName":"Owns","IsInherited":false},{"PrincipalSID":"S-1-5-21-2547255837-1885182906-318406883-512","PrincipalType":"Group","RightName":"GenericAll","IsInherited":false},{"PrincipalSID":"S-1-5-21-2547255837-1885182906-318406883-519","PrincipalType":"Group","RightName":"GenericAll","IsInherited":true},{"PrincipalSID":"S-1-5-21-2547255837-1885182906-318406883-4130","PrincipalType":"Computer","RightName":"GenericAll","IsInherited":true},{"PrincipalSID":"LAKRA.COM-S-1-5-32-544","PrincipalType":"Group","RightName":"WriteDacl","IsInherited":true},{"PrincipalSID":"LAKRA.COM-S-1-5-32-544","PrincipalType":"Group","RightName":"WriteOwner","IsInherited":true}],"ObjectIdentifier":"3E6B45D7-74ED-456F-9E7E-86064220E240","IsDeleted":false,"IsACLProtected":false},{"Properties":{"domain":"LAKRA.COM","name":"PROGRAM DATA@LAKRA.COM","distinguishedname":"CN=PROGRAM DATA,DC=LAKRA,DC=COM","domainsid":"S-1-5-21-2547255837-1885182906-318406883","highvalue":false},"ChildObjects":[],"Aces":[{"PrincipalSID":"S-1-5-21-2547255837-1885182906-318406883-512","PrincipalType":"Group","RightName":"Owns","IsInherited":false},{"PrincipalSID":"S-1-5-21-2547255837-1885182906-318406883-512","PrincipalType":"Group","RightName":"GenericAll","IsInherited":false},{"PrincipalSID":"S-1-5-21-2547255837-1885182906-318406883-519","PrincipalType":"Group","RightName":"GenericAll","IsInherited":true},{"PrincipalSID":"S-1-5-21-2547255837-1885182906-318406883-4130","PrincipalType":"Computer","RightName":"GenericAll","IsInherited":true},{"PrincipalSID":"LAKRA.COM-S-1-5-32-544","PrincipalType":"Group","RightName":"WriteDacl","IsInherited":true},{"PrincipalSID":"LAKRA.COM-S-1-5-32-544","PrincipalType":"Group","RightName":"WriteOwner","IsInherited":true}],"ObjectIdentifier":"C3E5B650-6DAC-4B68-8AB4-C642A4D8F85D","IsDeleted":false,"IsACLProtected":false},{"Properties":{"domain":"LAKRA.COM","name":"POLICYTYPE@LAKRA.COM","distinguishedname":"CN=POLICYTYPE,CN=WMIPOLICY,CN=SYSTEM,DC=LAKRA,DC=COM","domainsid":"S-1-5-21-2547255837-1885182906-318406883","highvalue":false},"ChildObjects":[],"Aces":[{"PrincipalSID":"S-1-5-21-2547255837-1885182906-318406883-512","PrincipalType":"Group","RightName":"Owns","IsInherited":false},{"PrincipalSID":"S-1-5-21-2547255837-1885182906-318406883-512","PrincipalType":"Group","RightName":"WriteDacl","IsInherited":false},{"PrincipalSID":"S-1-5-21-2547255837-1885182906-318406883-512","PrincipalType":"Group","RightName":"WriteOwner","IsInherited":false},{"PrincipalSID":"S-1-5-21-2547255837-1885182906-318406883-519","PrincipalType":"Group","RightName":"GenericAll","IsInherited":true},{"PrincipalSID":"S-1-5-21-2547255837-1885182906-318406883-512","PrincipalType":"Group","RightName":"GenericAll","IsInherited":true}],"ObjectIdentifier":"C7107A10-6148-4AEB-A868-729FA0E7EE00","IsDeleted":false,"IsACLProtected":false},{"Properties":{"domain":"LAKRA.COM","name":"FOREIGNSECURITYPRINCIPALS@LAKRA.COM","distinguishedname":"CN=FOREIGNSECURITYPRINCIPALS,DC=LAKRA,DC=COM","domainsid":"S-1-5-21-2547255837-1885182906-318406883","highvalue":false},"ChildObjects":[],"Aces":[{"PrincipalSID":"S-1-5-21-2547255837-1885182906-318406883-512","PrincipalType":"Group","RightName":"Owns","IsInherited":false},{"PrincipalSID":"S-1-5-21-2547255837-1885182906-318406883-512","PrincipalType":"Group","RightName":"GenericAll","IsInherited":false},{"PrincipalSID":"S-1-5-21-2547255837-1885182906-318406883-519","PrincipalType":"Group","RightName":"GenericAll","IsInherited":true},{"PrincipalSID":"S-1-5-21-2547255837-1885182906-318406883-4130","PrincipalType":"Computer","RightName":"GenericAll","IsInherited":true},{"PrincipalSID":"LAKRA.COM-S-1-5-32-544","PrincipalType":"Group","RightName":"WriteDacl","IsInherited":true},{"PrincipalSID":"LAKRA.COM-S-1-5-32-544","PrincipalType":"Group","RightName":"WriteOwner","IsInherited":true}],"ObjectIdentifier":"C962D2FA-F89C-438B-8706-9CBE95576061","IsDeleted":false,"IsACLProtected":false},{"Properties":{"domain":"LAKRA.COM","name":"SOM@LAKRA.COM","distinguishedname":"CN=SOM,CN=WMIPOLICY,CN=SYSTEM,DC=LAKRA,DC=COM","domainsid":"S-1-5-21-2547255837-1885182906-318406883","highvalue":false},"ChildObjects":[],"Aces":[{"PrincipalSID":"S-1-5-21-2547255837-1885182906-318406883-512","PrincipalType":"Group","RightName":"Owns","IsInherited":false},{"PrincipalSID":"S-1-5-21-2547255837-1885182906-318406883-512","PrincipalType":"Group","RightName":"GenericAll","IsInherited":false},{"PrincipalSID":"S-1-5-21-2547255837-1885182906-318406883-519","PrincipalType":"Group","RightName":"GenericAll","IsInherited":false}],"ObjectIdentifier":"BD464E5A-CA04-4554-B555-F14406227B98","IsDeleted":false,"IsACLProtected":true},{"Properties":{"domain":"LAKRA.COM","name":"WINSOCKSERVICES@LAKRA.COM","distinguishedname":"CN=WINSOCKSERVICES,CN=SYSTEM,DC=LAKRA,DC=COM","domainsid":"S-1-5-21-2547255837-1885182906-318406883","highvalue":false},"ChildObjects":[],"Aces":[{"PrincipalSID":"S-1-5-21-2547255837-1885182906-318406883-512","PrincipalType":"Group","RightName":"Owns","IsInherited":false},{"PrincipalSID":"S-1-5-21-2547255837-1885182906-318406883-512","PrincipalType":"Group","RightName":"WriteDacl","IsInherited":false},{"PrincipalSID":"S-1-5-21-2547255837-1885182906-318406883-512","PrincipalType":"Group","RightName":"WriteOwner","IsInherited":false},{"PrincipalSID":"S-1-5-21-2547255837-1885182906-318406883-519","PrincipalType":"Group","RightName":"GenericAll","IsInherited":true},{"PrincipalSID":"S-1-5-21-2547255837-1885182906-318406883-4130","PrincipalType":"Computer","RightName":"GenericAll","IsInherited":true},{"PrincipalSID":"LAKRA.COM-S-1-5-32-544","PrincipalType":"Group","RightName":"WriteDacl","IsInherited":true},{"PrincipalSID":"LAKRA.COM-S-1-5-32-544","PrincipalType":"Group","RightName":"WriteOwner","IsInherited":true}],"ObjectIdentifier":"3A9734F2-7F8B-4DEE-8879-870063D28AE8","IsDeleted":false,"IsACLProtected":false},{"Properties":{"domain":"LAKRA.COM","name":"RAS AND IAS SERVERS ACCESS CHECK@LAKRA.COM","distinguishedname":"CN=RAS AND IAS SERVERS ACCESS CHECK,CN=SYSTEM,DC=LAKRA,DC=COM","domainsid":"S-1-5-21-2547255837-1885182906-318406883","highvalue":false},"ChildObjects":[],"Aces":[{"PrincipalSID":"S-1-5-21-2547255837-1885182906-318406883-512","PrincipalType":"Group","RightName":"Owns","IsInherited":false},{"PrincipalSID":"S-1-5-21-2547255837-1885182906-318406883-553","PrincipalType":"Group","RightName":"WriteDacl","IsInherited":false},{"PrincipalSID":"S-1-5-21-2547255837-1885182906-318406883-553","PrincipalType":"Group","RightName":"WriteOwner","IsInherited":false},{"PrincipalSID":"S-1-5-21-2547255837-1885182906-318406883-519","PrincipalType":"Group","RightName":"GenericAll","IsInherited":true},{"PrincipalSID":"S-1-5-21-2547255837-1885182906-318406883-4130","PrincipalType":"Computer","RightName":"GenericAll","IsInherited":true},{"PrincipalSID":"LAKRA.COM-S-1-5-32-544","PrincipalType":"Group","RightName":"WriteDacl","IsInherited":true},{"PrincipalSID":"LAKRA.COM-S-1-5-32-544","PrincipalType":"Group","RightName":"WriteOwner","IsInherited":true}],"ObjectIdentifier":"01124DD8-B71B-4399-A18A-C2278A51D0BB","IsDeleted":false,"IsACLProtected":false},{"Properties":{"domain":"LAKRA.COM","name":"SYSTEM@LAKRA.COM","distinguishedname":"CN=SYSTEM,DC=LAKRA,DC=COM","domainsid":"S-1-5-21-2547255837-1885182906-318406883","highvalue":false},"ChildObjects":[],"Aces":[{"PrincipalSID":"S-1-5-21-2547255837-1885182906-318406883-512","PrincipalType":"Group","RightName":"Owns","IsInherited":false},{"PrincipalSID":"S-1-5-21-2547255837-1885182906-318406883-512","PrincipalType":"Group","RightName":"WriteDacl","IsInherited":false},{"PrincipalSID":"S-1-5-21-2547255837-1885182906-318406883-512","PrincipalType":"Group","RightName":"WriteOwner","IsInherited":false},{"PrincipalSID":"S-1-5-21-2547255837-1885182906-318406883-519","PrincipalType":"Group","RightName":"GenericAll","IsInherited":true},{"PrincipalSID":"S-1-5-21-2547255837-1885182906-318406883-4130","PrincipalType":"Computer","RightName":"GenericAll","IsInherited":true},{"PrincipalSID":"LAKRA.COM-S-1-5-32-544","PrincipalType":"Group","RightName":"WriteDacl","IsInherited":true},{"PrincipalSID":"LAKRA.COM-S-1-5-32-544","PrincipalType":"Group","RightName":"WriteOwner","IsInherited":true}],"ObjectIdentifier":"58D88A59-9278-4B0C-BCDB-0489FA1F174B","IsDeleted":false,"IsACLProtected":false},{"Properties":{"domain":"LAKRA.COM","name":"COMPUTERS@LAKRA.COM","distinguishedname":"CN=COMPUTERS,DC=LAKRA,DC=COM","domainsid":"S-1-5-21-2547255837-1885182906-318406883","highvalue":false},"ChildObjects":[],"Aces":[{"PrincipalSID":"S-1-5-21-2547255837-1885182906-318406883-512","PrincipalType":"Group","RightName":"Owns","IsInherited":false},{"PrincipalSID":"S-1-5-21-2547255837-1885182906-318406883-512","PrincipalType":"Group","RightName":"WriteDacl","IsInherited":false},{"PrincipalSID":"S-1-5-21-2547255837-1885182906-318406883-512","PrincipalType":"Group","RightName":"WriteOwner","IsInherited":false},{"PrincipalSID":"S-1-5-21-2547255837-1885182906-318406883-519","PrincipalType":"Group","RightName":"GenericAll","IsInherited":true},{"PrincipalSID":"S-1-5-21-2547255837-1885182906-318406883-4130","PrincipalType":"Computer","RightName":"GenericAll","IsInherited":true},{"PrincipalSID":"LAKRA.COM-S-1-5-32-544","PrincipalType":"Group","RightName":"WriteDacl","IsInherited":true},{"PrincipalSID":"LAKRA.COM-S-1-5-32-544","PrincipalType":"Group","RightName":"WriteOwner","IsInherited":true}],"ObjectIdentifier":"138D2055-1A33-47DE-B711-F2F231E92FB6","IsDeleted":false,"IsACLProtected":false},{"Properties":{"domain":"LAKRA.COM","name":"WMIGPO@LAKRA.COM","distinguishedname":"CN=WMIGPO,CN=WMIPOLICY,CN=SYSTEM,DC=LAKRA,DC=COM","domainsid":"S-1-5-21-2547255837-1885182906-318406883","highvalue":false},"ChildObjects":[],"Aces":[{"PrincipalSID":"S-1-5-21-2547255837-1885182906-318406883-512","PrincipalType":"Group","RightName":"Owns","IsInherited":false},{"PrincipalSID":"S-1-5-21-2547255837-1885182906-318406883-512","PrincipalType":"Group","RightName":"WriteDacl","IsInherited":false},{"PrincipalSID":"S-1-5-21-2547255837-1885182906-318406883-512","PrincipalType":"Group","RightName":"WriteOwner","IsInherited":false},{"PrincipalSID":"S-1-5-21-2547255837-1885182906-318406883-519","PrincipalType":"Group","RightName":"GenericAll","IsInherited":true},{"PrincipalSID":"S-1-5-21-2547255837-1885182906-318406883-512","PrincipalType":"Group","RightName":"GenericAll","IsInherited":true}],"ObjectIdentifier":"614303E6-9D49-46C3-B644-A70C9E682C60","IsDeleted":false,"IsACLProtected":false},{"Properties":{"domain":"LAKRA.COM","name":"POLICYTEMPLATE@LAKRA.COM","distinguishedname":"CN=POLICYTEMPLATE,CN=WMIPOLICY,CN=SYSTEM,DC=LAKRA,DC=COM","domainsid":"S-1-5-21-2547255837-1885182906-318406883","highvalue":false},"ChildObjects":[],"Aces":[{"PrincipalSID":"S-1-5-21-2547255837-1885182906-318406883-512","PrincipalType":"Group","RightName":"Owns","IsInherited":false},{"PrincipalSID":"S-1-5-21-2547255837-1885182906-318406883-512","PrincipalType":"Group","RightName":"WriteDacl","IsInherited":false},{"PrincipalSID":"S-1-5-21-2547255837-1885182906-318406883-512","PrincipalType":"Group","RightName":"WriteOwner","IsInherited":false},{"PrincipalSID":"S-1-5-21-2547255837-1885182906-318406883-519","PrincipalType":"Group","RightName":"GenericAll","IsInherited":true},{"PrincipalSID":"S-1-5-21-2547255837-1885182906-318406883-512","PrincipalType":"Group","RightName":"GenericAll","IsInherited":true}],"ObjectIdentifier":"20F63AFF-332C-4ECE-B7E5-7EF1516BE779","IsDeleted":false,"IsACLProtected":false},{"Properties":{"domain":"LAKRA.COM","name":"WMIPOLICY@LAKRA.COM","distinguishedname":"CN=WMIPOLICY,CN=SYSTEM,DC=LAKRA,DC=COM","domainsid":"S-1-5-21-2547255837-1885182906-318406883","highvalue":false},"ChildObjects":[],"Aces":[{"PrincipalSID":"S-1-5-21-2547255837-1885182906-318406883-512","PrincipalType":"Group","RightName":"Owns","IsInherited":false},{"PrincipalSID":"S-1-5-21-2547255837-1885182906-318406883-512","PrincipalType":"Group","RightName":"GenericAll","IsInherited":false},{"PrincipalSID":"S-1-5-21-2547255837-1885182906-318406883-519","PrincipalType":"Group","RightName":"GenericAll","IsInherited":false}],"ObjectIdentifier":"4BF7CC46-1F3D-4CE6-8F79-854675D80CAA","IsDeleted":false,"IsACLProtected":true},{"Properties":{"domain":"LAKRA.COM","name":"IP SECURITY@LAKRA.COM","distinguishedname":"CN=IP SECURITY,CN=SYSTEM,DC=LAKRA,DC=COM","domainsid":"S-1-5-21-2547255837-1885182906-318406883","highvalue":false},"ChildObjects":[],"Aces":[{"PrincipalSID":"S-1-5-21-2547255837-1885182906-318406883-512","PrincipalType":"Group","RightName":"Owns","IsInherited":false},{"PrincipalSID":"S-1-5-21-2547255837-1885182906-318406883-512","PrincipalType":"Group","RightName":"WriteDacl","IsInherited":false},{"PrincipalSID":"S-1-5-21-2547255837-1885182906-318406883-512","PrincipalType":"Group","RightName":"WriteOwner","IsInherited":false},{"PrincipalSID":"S-1-5-21-2547255837-1885182906-318406883-519","PrincipalType":"Group","RightName":"GenericAll","IsInherited":true},{"PrincipalSID":"S-1-5-21-2547255837-1885182906-318406883-4130","PrincipalType":"Computer","RightName":"GenericAll","IsInherited":true},{"PrincipalSID":"LAKRA.COM-S-1-5-32-544","PrincipalType":"Group","RightName":"WriteDacl","IsInherited":true},{"PrincipalSID":"LAKRA.COM-S-1-5-32-544","PrincipalType":"Group","RightName":"WriteOwner","IsInherited":true}],"ObjectIdentifier":"FD2907A7-AD1E-468A-BB37-045F91272935","IsDeleted":false,"IsACLProtected":false},{"Properties":{"domain":"LAKRA.COM","name":"POLICIES@LAKRA.COM","distinguishedname":"CN=POLICIES,CN=SYSTEM,DC=LAKRA,DC=COM","domainsid":"S-1-5-21-2547255837-1885182906-318406883","highvalue":false},"ChildObjects":[],"Aces":[{"PrincipalSID":"S-1-5-21-2547255837-1885182906-318406883-512","PrincipalType":"Group","RightName":"Owns","IsInherited":false},{"PrincipalSID":"S-1-5-21-2547255837-1885182906-318406883-512","PrincipalType":"Group","RightName":"WriteDacl","IsInherited":false},{"PrincipalSID":"S-1-5-21-2547255837-1885182906-318406883-512","PrincipalType":"Group","RightName":"WriteOwner","IsInherited":false},{"PrincipalSID":"S-1-5-21-2547255837-1885182906-318406883-519","PrincipalType":"Group","RightName":"GenericAll","IsInherited":true},{"PrincipalSID":"S-1-5-21-2547255837-1885182906-318406883-4130","PrincipalType":"Computer","RightName":"GenericAll","IsInherited":true},{"PrincipalSID":"LAKRA.COM-S-1-5-32-544","PrincipalType":"Group","RightName":"WriteDacl","IsInherited":true},{"PrincipalSID":"LAKRA.COM-S-1-5-32-544","PrincipalType":"Group","RightName":"WriteOwner","IsInherited":true}],"ObjectIdentifier":"D9629DB4-03F5-48FC-9CA0-53B8716A0CC9","IsDeleted":false,"IsACLProtected":false},{"Properties":{"domain":"LAKRA.COM","name":"MICROSOFTDNS@LAKRA.COM","distinguishedname":"CN=MICROSOFTDNS,CN=SYSTEM,DC=LAKRA,DC=COM","domainsid":"S-1-5-21-2547255837-1885182906-318406883","highvalue":false},"ChildObjects":[],"Aces":[{"PrincipalSID":"LAKRA.COM-S-1-5-9","PrincipalType":"Group","RightName":"WriteDacl","IsInherited":false},{"PrincipalSID":"LAKRA.COM-S-1-5-9","PrincipalType":"Group","RightName":"WriteOwner","IsInherited":false},{"PrincipalSID":"S-1-5-21-2547255837-1885182906-318406883-512","PrincipalType":"Group","RightName":"GenericAll","IsInherited":false},{"PrincipalSID":"S-1-5-21-2547255837-1885182906-318406883-1101","PrincipalType":"Group","RightName":"WriteDacl","IsInherited":false},{"PrincipalSID":"S-1-5-21-2547255837-1885182906-318406883-1101","PrincipalType":"Group","RightName":"WriteOwner","IsInherited":false},{"PrincipalSID":"S-1-5-21-2547255837-1885182906-318406883-519","PrincipalType":"Group","RightName":"GenericAll","IsInherited":true},{"PrincipalSID":"S-1-5-21-2547255837-1885182906-318406883-4130","PrincipalType":"Computer","RightName":"GenericAll","IsInherited":true},{"PrincipalSID":"LAKRA.COM-S-1-5-32-544","PrincipalType":"Group","RightName":"WriteDacl","IsInherited":true},{"PrincipalSID":"LAKRA.COM-S-1-5-32-544","PrincipalType":"Group","RightName":"WriteOwner","IsInherited":true}],"ObjectIdentifier":"0E2E8089-0FE5-4698-8525-4BC25225E420","IsDeleted":false,"IsACLProtected":false},{"Properties":{"domain":"LAKRA.COM","name":"USERS@LAKRA.COM","distinguishedname":"CN=USERS,DC=LAKRA,DC=COM","domainsid":"S-1-5-21-2547255837-1885182906-318406883","highvalue":false},"ChildObjects":[{"ObjectIdentifier":"S-1-5-21-2547255837-1885182906-318406883-500","ObjectType":"User"},{"ObjectIdentifier":"S-1-5-21-2547255837-1885182906-318406883-571","ObjectType":"Group"},{"ObjectIdentifier":"S-1-5-21-2547255837-1885182906-318406883-517","ObjectType":"Group"},{"ObjectIdentifier":"S-1-5-21-2547255837-1885182906-318406883-522","ObjectType":"Group"},{"ObjectIdentifier":"S-1-5-21-2547255837-1885182906-318406883-572","ObjectType":"Group"},{"ObjectIdentifier":"S-1-5-21-2547255837-1885182906-318406883-1101","ObjectType":"Group"},{"ObjectIdentifier":"S-1-5-21-2547255837-1885182906-318406883-1102","ObjectType":"Group"},{"ObjectIdentifier":"S-1-5-21-2547255837-1885182906-318406883-512","ObjectType":"Group"},{"ObjectIdentifier":"S-1-5-21-2547255837-1885182906-318406883-515","ObjectType":"Group"},{"ObjectIdentifier":"S-1-5-21-2547255837-1885182906-318406883-516","ObjectType":"Group"},{"ObjectIdentifier":"S-1-5-21-2547255837-1885182906-318406883-514","ObjectType":"Group"},{"ObjectIdentifier":"S-1-5-21-2547255837-1885182906-318406883-513","ObjectType":"Group"},{"ObjectIdentifier":"S-1-5-21-2547255837-1885182906-318406883-519","ObjectType":"Group"},{"ObjectIdentifier":"S-1-5-21-2547255837-1885182906-318406883-527","ObjectType":"Group"},{"ObjectIdentifier":"S-1-5-21-2547255837-1885182906-318406883-498","ObjectType":"Group"},{"ObjectIdentifier":"S-1-5-21-2547255837-1885182906-318406883-520","ObjectType":"Group"},{"ObjectIdentifier":"S-1-5-21-2547255837-1885182906-318406883-501","ObjectType":"User"},{"ObjectIdentifier":"S-1-5-21-2547255837-1885182906-318406883-526","ObjectType":"Group"},{"ObjectIdentifier":"S-1-5-21-2547255837-1885182906-318406883-502","ObjectType":"User"},{"ObjectIdentifier":"S-1-5-21-2547255837-1885182906-318406883-525","ObjectType":"Group"},{"ObjectIdentifier":"S-1-5-21-2547255837-1885182906-318406883-553","ObjectType":"Group"},{"ObjectIdentifier":"S-1-5-21-2547255837-1885182906-318406883-521","ObjectType":"Group"},{"ObjectIdentifier":"S-1-5-21-2547255837-1885182906-318406883-518","ObjectType":"Group"}],"Aces":[{"PrincipalSID":"S-1-5-21-2547255837-1885182906-318406883-512","PrincipalType":"Group","RightName":"Owns","IsInherited":false},{"PrincipalSID":"S-1-5-21-2547255837-1885182906-318406883-512","PrincipalType":"Group","RightName":"WriteDacl","IsInherited":false},{"PrincipalSID":"S-1-5-21-2547255837-1885182906-318406883-512","PrincipalType":"Group","RightName":"WriteOwner","IsInherited":false},{"PrincipalSID":"S-1-5-21-2547255837-1885182906-318406883-519","PrincipalType":"Group","RightName":"GenericAll","IsInherited":true},{"PrincipalSID":"S-1-5-21-2547255837-1885182906-318406883-4130","PrincipalType":"Computer","RightName":"GenericAll","IsInherited":true},{"PrincipalSID":"LAKRA.COM-S-1-5-32-544","PrincipalType":"Group","RightName":"WriteDacl","IsInherited":true},{"PrincipalSID":"LAKRA.COM-S-1-5-32-544","PrincipalType":"Group","RightName":"WriteOwner","IsInherited":true}],"ObjectIdentifier":"51873328-B2BB-4FF5-9B49-560B7736BD32","IsDeleted":false,"IsACLProtected":false}],"meta":{"methods":29675,"type":"containers","count":24,"version":5}}